origin,sessionId
http://localhost,fef78aa8a3ce714493d04e465300104e1602e1206afb0e558c7e253cfd69b748
http://localhost,7fd822e4db332669e73cf440ab5aaa202715a924967a6ee880422c6f0e7a0e43
http://localhost,c4a1a21d531e7334be47e15ce8daee871957498b5eb5f80a1b3e24edf80d4933
http://localhost,a494af07b7d366c28bd7d4bf9883c8229efc1b55738a3fc13245ee0498d23683
http://192.168.0.14,ead94b8f21703c9da111da42d89d50e607ee89b418e9c82fa88215714964eb96
http://192.168.0.14,fda1028eb5b1e69b1450c9950bb549c8068b2b112c5a30b4ac199a81c926b87b
http://localhost,a6b19b97fe8d99474d93fbc753115fdee41ebeaaa349fafd02bd2020ea75a423
http://localhost,1fba2ab764f70f7e9a9430501d2c51865760aa1e1d1ed1edf5d3ef14288cf30e
http://localhost,f269b1cedf7e0f17a1744fe181f169f59fbd89ebcc5979db17ff8fa17dc54976
http://localhost,72120f60c6b5b187a562e1cd46681c6935b922c8f7be317be0bf08d7669fec9f
http://localhost,35bd7fa98e4a9d446651ff6813d00113f8010c99da19c03506b9eb894b72b081
http://localhost,e65f37f4452c5c7e100e2e3ed221dbea892e68df959022c9ac7ae7e21dc28f07
http://localhost,3e717493e0c59048e9fe165689dd63f5b38132dd038468ad5da07fe2bda69c4e
http://localhost,951206f6c9e4c6630c141b63716c1252b5cc1769d05a4433ff2a5e60247d5e89
http://localhost,122ce2be3e448c431dfeeb5c9ea5ea439903eddd3738b6df6c81d633002ced95
http://localhost,912b50ed9e59330b0ebdb884129f34a8273a2ba967b67dcd94b43a18ec3ce5fa
http://localhost,b6390e6cf8f8255e101a93f33d809788355478d374d2566871f40a2f95f3d935
https://contentteam.kineoadapt.com,6c5103613b6a75531e47958ddcd7b9608ae3fbec3db9213e7b3a105f659f88dd
https://contentteam.kineoadapt.com,e4bc26270e1a2ac75f6648d91ccad44c12acbd42a0deb1032ebfc98e7bb13366
https://contentteam.kineoadapt.com,49a2db67fb7078275668ce9a640385002343b6fc140e4870ee8000b8a5bda0db
https://contentteam.kineoadapt.com,7707c839bf16f5d0605fdbcd6d58e19e4a82556ee4b72e6044f6a6a51023cfb7
https://contentteam.kineoadapt.com,048ed2fcefaa019ade934f76796fef0327ff6133437055e71ddfafa46be6212e
https://contentteam.kineoadapt.com,badf5f7212b8167e3dae97ef838c26b847eb2de3e45a0fea875ccfa4070e9a2b
https://contentteam.kineoadapt.com,3790b57d091dc62e1c2471f2edee92e2347b409f70448f64d3509e1afaab4f87
https://contentteam.kineoadapt.com,ba468366db6ecc80e515a290e5b99b96a141b0682e10ac62bc406909413a5498
https://contentteam.kineoadapt.com,3ef07efd6dd9e921cde7c26c75d852823a6a74bf361f4c37f51aa6bedf0f6bbb
https://content.kineo.com,7f54fdb2dc8cf54cc882f00f1336cf6fcbae1f88cfa28cffc1404dd7a229f6e7
https://content.kineo.com,fa7e58abcb99f088e6c8ebe60ae6ec303bc166564f544e082893a03204841480
https://content.kineo.com,57138ee6fff3a13b02e57aebfbaedbb7b88927d1d86e7346f998a161f3bef844
https://content.kineo.com,f786cd5ea2c65ee6971630bbff49e3a8ee5a34447d65ec77b655bf21d51793cf
https://content.kineo.com,67f7e0b47b38949e5d844d3bfaf7ceff9f53e3d6a4548b3aacab81a7075cbd56
https://content.kineo.com,f3ad428285a579f74ce91596a47136d8d33d8af391ad3ee2115dce752d902aed
https://content.kineo.com,acc3284fb8f310cdb3052d0cd34804564dd441ef724718b792d09aa3f8abae15
https://content.kineo.com,caa8208eff77369688b2e605a5ea6b99dcd29ed892c46dae4998fc927db0a44d
https://content.kineo.com,3fbc554c78846b790c6a0fb9f9615e48ce72040299697e734b0617830e116552
https://content.kineo.com,e21589ad97960d081f8851a570d9eb97c4c6aade8c36682aa9c8b726329d09e2
https://content.kineo.com,57e2d0b16422ef9aea031e49b55e8c9b834bf7227314eb4cab0b1c73c929f1a4
https://content.kineo.com,b9ad84ab8f28455c3424252adb642c6f0eedb11cacfc358e9225d16533ba74a9
https://content.kineo.com,da4883089cea0e84d96419807b21f7e448439d7c67bedc7398b1fef165570116
https://content.kineo.com,47a11a44979fec267a5396fb35d81efdc71db5f9e516c55858be3cf22be28198
https://content.kineo.com,e23b1874b6756881919502402d87b32638c16efcbf46c004ed64ff36c2427424
https://content.kineo.com,e2c0652633a310ce1025eba93262325b063df18111b390c8fcf60d548c723bbe
https://content.kineo.com,e35addc5ae3d0df21b1280199e6f6c2474a357ace00facf5627a4955ef879490
https://content.kineo.com,09a08e0528908b92870217414569a27e01fc1906408553394487d030ff0114df
https://content.kineo.com,6db9d6ac438b42b4826280791c635c53fc334e6c41efd76924d69cddb14e83ed
https://content.kineo.com,e4d17cf90a53446d7a2bfff45349db290676073916f9a6a2e91ef426953702bf
https://content.kineo.com,1b5f46cf89c31b9119131d57f2f20f2663f237071e44b2a2ab3fae37a9b67648
https://content.kineo.com,eabffafca1571de3ea069f5669a26761167c5a3c53816791b2619c9d10c768d6
https://content.kineo.com,7c62a4e969d483623767619cb96ab59355714d5a7f59a53082fcdd7156a53e0e
https://content.kineo.com,bc0049860809e9a1df892c58f25658726d97a7b5e96bd2d657e7acff82885ba9
https://content.kineo.com,60c8c978b1f6ab3c3118a5751b9e192e5e74b8a0a7c7b2aff962991118171782
https://content.kineo.com,fa2ee0e84f8f872941ca5f34b0681f7d37e061d805b48dc83c4336cef0c0f49f
https://content.kineo.com,bd76155df610a76757f689202e18080bb652a8aa8d84935340fc3381987acc92
https://content.kineo.com,c4196c514bb391a2647e5810824d2b615d9cdc7363fdbc2a6aa81a8fbe0e4e9c
https://content.kineo.com,3e6262315f153255e304646e9159bb87c5c13ed35d4bd609738c1b71f848bed4
https://content.kineo.com,34afc1a0b5002c57528fbcb59b50ccced814eca6258bfe6072d77390e7aeeda5
https://content.kineo.com,6b0b3653010436d84ed975445eea41534730159b54fe2da545a7384417e0f171
https://content.kineo.com,e46cbe29f7610b31f497ffc0abe23b37c278ddbc293874c1b8e8ba65f12bf287
https://content.kineo.com,adcfb512a310f4efcdf153a44b9521b10802ccb6c95a1cd7d17390f87c3a0d0b
https://content.kineo.com,c96a935b8a0a33510de6d89fef610652751e087705008830ec73dd597fb23238
https://content.kineo.com,9786c6e01e60ae13f9098f63a211a1134fe2ccbf0dca0a43d1995e4c091e745a
https://content.kineo.com,6855951bd1ac44cacb8d65ea5ed3148878942dddf03385df7f34700bfb0aeb1b
https://content.kineo.com,f7e6151e755c25bdcf1dde41c6d4868d0f6d3aeae7d023ffb4d4feb9c56d6477
https://content.kineo.com,89e0ee30d58c10015ad3e22c62af4c51fd2502106fbb7250772547875dc8a255
https://content.kineo.com,64cea74ec5544aa0e2b1e298bf3862f6d983a3b2fecaf224f35e63b0eb7bc42b
https://content.kineo.com,61ee91fe4dbb3b92d2a98be1b1f5a18f78751323062e24a580faf2b21396d9c5
https://content.kineo.com,89f75315da38861f367b2317d58eb1c831de5a3ad20ca7554e4d1590efbe4250
https://content.kineo.com,dc92481f754e503b03107ada8437472257a883451473a31f0f2a2198b73c9691
https://content.kineo.com,b959fbf64e97459dd22f4fc9de3608953ecb3eb79d4241c372c8b2a6b9e17681
https://content.kineo.com,eeec211afc309b1ef717ecd1a6e8bb88ca7bff561019c9bf741ece3d8c3539c7
https://content.kineo.com,6e0c563985b5e752d2958b3233080f4b3e537f5e3137dc282e77f31133603ffa
https://content.kineo.com,3feeb5031f8e1da6b49229ab65eb9331ff00d427cc6167c9d965bd70ac455d9c
https://content.kineo.com,e8ca66c1850deea3c9eaeaaced403080227d768a66b612c27ca6cd35dec9e0e4
https://content.kineo.com,a6c991c5c730b983d8b96eeac0e5a82093265c55bdf1fd33004d96f34f181289
https://content.kineo.com,9aa1c1ee52fe620aed696a1d0a710aabd4c017af4e4c10610957d9e8e5ab1e0c
https://contentteam.kineoadapt.com,295252bf88ab40e2bba7ecfe6c93b2c4280f9f35ff1e7705c3f0e49169e0333c
https://contentteam.kineoadapt.com,8431e6468064b84b7dec5dfa2466d3d3d2eea5716adc00d442d72d9d8b42065b
https://content.kineo.com,d211980ab719d134f25640ea3deabebd142ffc561054a08cf2d95ab878a23c9b
https://content.kineo.com,1c90eb37cd2796715da42e60fe1dc8d2332208167e8bc089818dd46a57bddeeb
https://content.kineo.com,358c8292c623a005fe8d3411fd6e56dbbf3addcf5bcced784c9187bd59556c18
https://content.kineo.com,e71f0397122d4bf902516bf5b6cc000f6a73f84cc5f59b6df74d1500c580a3d2
https://content.kineo.com,3e12c37939017e01ecd144b8e879a6c6ba2038db22e158de3f4fbead38625332
https://contentteam.kineoadapt.com,e8fea023274ba00eb534dde8b2898456544da21556d0c1a4916121bb85a3b3c5
https://content.kineo.com,cf7c9d1d7e325af0ae1485fad6a8aa08a99bea5a81ee8090547bff083a7c8390
https://content.kineo.com,5891efbe0bd3e4015b01f848af1f8166d2a3a2b6718555e06f1fc9e4b673e1e9
https://contentteam.kineoadapt.com,daffaaf1fa81bede36e26b1c4eaaf55db3d205f12fc4f8b22150309b56c88719
https://contentteam.kineoadapt.com,551beca9f44214bd7f227234f4e6120f391e9ae8dbeef50228c4ca03d2e8110c
https://content.kineo.com,3aeb7c63ff072c2b62c60f8262ca9a752fb1b877a3ff396b33c46e935307eaf3
https://content.kineo.com,949088109d96ed77eb67de07097484a3a70ccc95ce326812bf9ae6a00d469853
https://content.kineo.com,4c3a7e36420a3c92c0d507120783936c0000514617078d5f667df32a6c04f4a8
https://content.kineo.com,5b8b3fe88c8c5a0ca71c012c1f59728039017383522b3fd0a6fc597d7cc8f0bd
